{"cameraMode":{"drawMode":0,"name":"Shaded","section":"Shading Mode"},"sceneLighting":true,"audioPlay":false,"sceneViewState":{"m_AlwaysRefresh":false,"showFog":true,"showSkybox":true,"showFlares":true,"showImageEffects":true,"showParticleSystems":true,"showVisualEffectGraphs":true,"m_FxEnabled":true},"in2DMode":false,"pivot":{"x":10.332512855529786,"y":-12.388800621032715,"z":-1.8515135049819947},"rotation":{"x":0.25231972336769106,"y":0.6669167876243591,"z":-0.2581394612789154,"w":0.6518639922142029},"size":13.017376899719239,"orthographic":false}